"tæk 0N ttn"," / SawanoHiroyuki[nZk]",257
"The Reluctant Heroes"," / SawanoHiroyuki[nZk]",268
eye-water," / SawanoHiroyuki[nZk]",182
"bodymotion"," / SawanoHiroyuki[nZk]",343
"cóunterattàck-mænknd"," / SawanoHiroyuki[nZk]",367
"armyG"," / SawanoHiroyuki[nZk]",207
"Vogel im Käfig"," / SawanoHiroyuki[nZk]",381
DOA," / SawanoHiroyuki[nZk]",207
""," / SawanoHiroyuki[nZk]",262
"EMA"," / SawanoHiroyuki[nZk]",343
"9"," / SawanoHiroyuki[nZk]",316
"Bauklötze"," / SawanoHiroyuki[nZk]",237
"2chi"," / SawanoHiroyuki[nZk]",408
XL-TT," / SawanoHiroyuki[nZk]",398
"Call your name"," / SawanoHiroyuki[nZk]",269
omake-pfadlib," / SawanoHiroyuki[nZk]",212
Barricades," / SawanoHiroyuki[nZk]",222
APETITAN," / SawanoHiroyuki[nZk]",332
YouSeeBIGGIRL/T:T," / SawanoHiroyuki[nZk]",360
son2seaVer," / SawanoHiroyuki[nZk]",322
"Call of Silence"," / SawanoHiroyuki[nZk]",179
"ERENthe"," / SawanoHiroyuki[nZk]",384
"attackD"," / SawanoHiroyuki[nZk]",285
YAMANAIAME," / SawanoHiroyuki[nZk]",267
2Volt," / SawanoHiroyuki[nZk]",402
"st-hrn-egt20130629"," / SawanoHiroyuki[nZk]",302
"So ist es immer"," / SawanoHiroyuki[nZk]",290
"st-hrn-gt-pf20130629"," / SawanoHiroyuki[nZk]",277
ymniam-orch," / SawanoHiroyuki[nZk]",190
"The Reluctant Heroes MODv"," / SawanoHiroyuki[nZk]",270
"st-hrn-gt20130629"," / SawanoHiroyuki[nZk]",253
theDOGS," / SawanoHiroyuki[nZk]",276
"pf-medley20130629"," / SawanoHiroyuki[nZk]",307
EMAymniam," / SawanoHiroyuki[nZk]",331
"pf20130218"," / SawanoHiroyuki[nZk]",282
"gt20130218"," / SawanoHiroyuki[nZk]",152
TWO-lives," / SawanoHiroyuki[nZk]",294
"st20130629"," / SawanoHiroyuki[nZk]",325
"vn-pf20130524"," / SawanoHiroyuki[nZk]",202
ymniam-MKorch," / SawanoHiroyuki[nZk]",155
"pf-adlib-c20130218"," / SawanoHiroyuki[nZk]",232
"pf-adlib-b20130218"," / SawanoHiroyuki[nZk]",172
"vc-pf20130218"," / SawanoHiroyuki[nZk]",372
TheWeightOfLives," / SawanoHiroyuki[nZk]",439
"YAMANAIAME FMv"," / SawanoHiroyuki[nZk]",268
"AOTs2M1"," / SawanoHiroyuki[nZk]",251
"AOTs2M2"," / SawanoHiroyuki[nZk]",130
"AOTs2M3"," / SawanoHiroyuki[nZk]",206
"AOTs2M4"," / SawanoHiroyuki[nZk]",244
K2-," / SawanoHiroyuki[nZk]",347
"Zero Eclipse"," / SawanoHiroyuki[nZk]",254
"SymphonicSuite [AoT] Part1-1st:0Sk"," / SawanoHiroyuki[nZk]",371
"SymphonicSuite [AoT] Part1-2nd:sA"," / SawanoHiroyuki[nZk]",232
"SymphonicSuite [AoT] Part1-3rd:BARRIchestra"," / SawanoHiroyuki[nZk]",360
"SymphonicSuite [AoT] Part1-4th:7-b@$"," / SawanoHiroyuki[nZk]",318
K21," / SawanoHiroyuki[nZk]",204
"AoTs3-3spens/21"," / SawanoHiroyuki[nZk]",393
"Call your name Gv"," / SawanoHiroyuki[nZk]",260
"SymphonicSuite [AoT] Part2-1st:tæk 0N ttn WMId"," / SawanoHiroyuki[nZk]",311
"SymphonicSuite [AoT] Part2-2nd:ShingekiNoKyojin"," / SawanoHiroyuki[nZk]",183
"SymphonicSuite [AoT] Part2-3rd:Before Lights Out"," / SawanoHiroyuki[nZk]",176
"SymphonicSuite [AoT] Part2-4th:2An"," / SawanoHiroyuki[nZk]",159
"SymphonicSuite [AoT] Part2-5th:Apple Seed"," / SawanoHiroyuki[nZk]",167
"SymphonicSuite [AoT] Part2-6th:ThanksAT"," / SawanoHiroyuki[nZk]",240
"ERENthe (MOVIEver.)"," / SawanoHiroyuki[nZk]",385
"Barricades (MOVIEver.)"," / SawanoHiroyuki[nZk]",258
AoTs3-PF1," / SawanoHiroyuki[nZk]",126
T-KT," / SawanoHiroyuki[nZk]",175
"A1G"," / SawanoHiroyuki[nZk]",201
AoTs3-PF2," / SawanoHiroyuki[nZk]",205
"AoTs3-1000"," / SawanoHiroyuki[nZk]",208
tooth-i:," / SawanoHiroyuki[nZk]",184
"LEN97n10MAHLE"," / SawanoHiroyuki[nZk]",135
"K21 (Instrumental)"," / SawanoHiroyuki[nZk]",202
"Zero Eclipse (Instrumental)"," / SawanoHiroyuki[nZk]",252
"Barricades (MOVIEver. / Instrumental)"," / SawanoHiroyuki[nZk]",257
"Call your name Gv (Instrumental)"," / SawanoHiroyuki[nZk]",260
"tæk 0N ttn WMId (Instrumental)"," / SawanoHiroyuki[nZk]",309
"Before Lights Out (Instrumental)"," / SawanoHiroyuki[nZk]",174
"Apple Seed (Instrumental)"," / SawanoHiroyuki[nZk]",167
"Ashes on The Fire","KOHTA YAMAMOTO official",275
"The Other Side of the Sea","KOHTA YAMAMOTO official",298
"Splinter Wolf","KOHTA YAMAMOTO official",322
Nightmare,"KOHTA YAMAMOTO official",222
"Guilty Hero","KOHTA YAMAMOTO official",263
"The Successor","KOHTA YAMAMOTO official",250
"Memory Lane","KOHTA YAMAMOTO official",184
"Liberio at Night","KOHTA YAMAMOTO official",177
"Liberio Festival","KOHTA YAMAMOTO official",184
"True History","KOHTA YAMAMOTO official",321
"The Warriors","KOHTA YAMAMOTO official",247
"The Fall of Marley","KOHTA YAMAMOTO official",199
"Zeek's Plan","KOHTA YAMAMOTO official",227
"Nowhere to go","KOHTA YAMAMOTO official",186
Atonement,"KOHTA YAMAMOTO official",199
"Cold Light","KOHTA YAMAMOTO official",215
"The Reason","KOHTA YAMAMOTO official",207
Friendships,"KOHTA YAMAMOTO official",225
"Memory Lane Vln ver.","KOHTA YAMAMOTO official",184
"Liberio at Night Pf & Vln ver.","KOHTA YAMAMOTO official",178
AOTF-s1," / SawanoHiroyuki[nZk]",478
AOTF-s2," / SawanoHiroyuki[nZk]",214
AOTF-s3," / SawanoHiroyuki[nZk]",223
"Ashes on The Fire","KOHTA YAMAMOTO official",276
"The Other Side of the Sea","KOHTA YAMAMOTO official",298
"Splinter Wolf","KOHTA YAMAMOTO official",323
Nightmare,"KOHTA YAMAMOTO official",222
"Guilty Hero","KOHTA YAMAMOTO official",264
"The Successor","KOHTA YAMAMOTO official",251
"Memory Lane","KOHTA YAMAMOTO official",184
"Liberio at Night","KOHTA YAMAMOTO official",177
"Liberio Festival","KOHTA YAMAMOTO official",184
"True History","KOHTA YAMAMOTO official",321
"The Warriors","KOHTA YAMAMOTO official",247
"The Fall of Marley","KOHTA YAMAMOTO official",199
"Zeek's Plan","KOHTA YAMAMOTO official",228
"Cold Light","KOHTA YAMAMOTO official",216
"Nowhere to go","KOHTA YAMAMOTO official",190
AOTF-s1," / SawanoHiroyuki[nZk]",478
AOTF-s2," / SawanoHiroyuki[nZk]",214
AOTF-s3," / SawanoHiroyuki[nZk]",223
"Footsteps of Doom","KOHTA YAMAMOTO official",308
"Into the Night (Acoustic ver.)","KOHTA YAMAMOTO official",132
"Ashes on The Fire (PTV)","KOHTA YAMAMOTO official",308
MAN-Child,"KOHTA YAMAMOTO official",228
"All of The Freedoms","KOHTA YAMAMOTO official",279
TRAITOR,"KOHTA YAMAMOTO official",289
"Night of The End","KOHTA YAMAMOTO official",242
"From You, 2,000 Years Ago","KOHTA YAMAMOTO official",416
"The Global Allied Fleet","KOHTA YAMAMOTO official",236
MICHI,"KOHTA YAMAMOTO official",285
THAW,"KOHTA YAMAMOTO official",259
"Into the Night","KOHTA YAMAMOTO official",250
"EL"," / SawanoHiroyuki[nZk]",282
YouSee-Power," / SawanoHiroyuki[nZk]",258
"tæk 0N ttn (TFSv)"," / SawanoHiroyuki[nZk]",298
"An Ordinary Day","KOHTA YAMAMOTO official",345
"Aim of the Fate","KOHTA YAMAMOTO official",221
Liar,"KOHTA YAMAMOTO official",238
"t'aek till we are Ashes","KOHTA YAMAMOTO official",415
Vanishment,"KOHTA YAMAMOTO official",202
"The Reason","KOHTA YAMAMOTO official",209
Friendships,"KOHTA YAMAMOTO official",226
"Memory Lane (Vln ver.)","KOHTA YAMAMOTO official",184
"Liberio at Night (Pf & Vln ver.)","KOHTA YAMAMOTO official",178
Atonement,"KOHTA YAMAMOTO official",199
"Footsteps of Doom","KOHTA YAMAMOTO official",307
"Into the Night Acoustic ver.","KOHTA YAMAMOTO official",132
"Ashes on The Fire -PTV-","KOHTA YAMAMOTO official",307
MAN-Child,"KOHTA YAMAMOTO official",228
"All of The Freedoms","KOHTA YAMAMOTO official",279
TRAITOR,"KOHTA YAMAMOTO official",288
"Night of The End","KOHTA YAMAMOTO official",242
"From You, 2,000 Years Ago","KOHTA YAMAMOTO official",416
"The Global Allied Fleet","KOHTA YAMAMOTO official",235
MICHI,"KOHTA YAMAMOTO official",285
THAW,"KOHTA YAMAMOTO official",258
"Into the Night","KOHTA YAMAMOTO official",250
"EL"," / SawanoHiroyuki[nZk]",282
YouSee-Power," / SawanoHiroyuki[nZk]",258
"tæk 0N ttnTFSv"," / SawanoHiroyuki[nZk]",298
