"Title","Artist","Duration"
"Tears In Heaven (Official Video)","Eric Clapton","275"
"(Everything I Do) I Do It For You","Bryan Adams","393"
"Hotel California (Live 1977) (Official Video) [HD]","Eagles","405"
"More Than Words (Official Music Video)","Extreme","256"
"I Will Always Love You (Official 4K Video)","Whitney Houston","274"
"Too Much Love Will Kill You (Official Video)","Queen","240"
"Wonderful Tonight [Official Live]","Eric Clapton","371"
"Imagine (Remastered 2010)","John Lennon","188"
"I Don't Want To Miss A Thing","Aerosmith","293"
"Piano Man (LIVE in Tokyo + Lyrics)","Billy Joel","377"
"Endless Rain","X Japan","422"
"I Want To Know What Love Is (Official Music Video)","Foreigner","301"
"She's Gone","Steelheart","292"
"My Sweet Lord (Live)","Billy Preston","304"
"Right Here Waiting (Official Music Video)","Richard Marx","263"
"Carrie (Official Video)","Europe","271"
"Layla (Live at Royal Albert Hall, 1991) (Orchestral Version)","Eric Clapton","489"
"Africa (Official HD Video)","Toto","272"
"Take Me Home, Country Roads (Official Audio)","John Denver","196"
"Somewhere Only We Know (Official Music Video)","Keane","237"
"Forever Love","X Japan","519"
"Free Bird","Lynyrd Skynyrd","548"
"SAY ANYTHING (X With Orchestra 1991.12.08)","X Japan","510"
"Without You (Unplugged - Studio Version)","X Japan","362"
"Silent Jealousy (Returns 1993.12.30)","X Japan","459"
