Title,Artist,Duration
You & I,Scorpions,376
Wind Of Change,Scorpions,313
Never Say Goodbye,Bon Jovi,289
Bohemian Rhapsody (Remastered 2011),Queen,355
Sign of the Times,Europe,255
Little Wing (Live in Japan),Uli Jon Roth - Topic,505
Send Me An Angel (Coming Home Live),Scorpions,271
Forever Young (2019 Remaster),Alphaville,226
I Was Born To Love You (Vocals & Piano Version / Remastered 2011),Queen,176
Dream On,Aerosmith,268
Hard to Say I'm Sorry / Get Away (2006 Remaster),Chicago,306
Right Here Waiting,Richard Marx,265
When I Look Into Your Eyes,FireHouse,240
SCORPIONS - LIVING FOR TOMORROW (Lyrics),Scorpions,332
Who Wants To Live Forever,Queen,315
Thank You For Loving Me,Bon Jovi,309
Open Your Heart,Europe,247
Always Somewhere (2015 - Remaster),Scorpions,298
Too Much Love Will Kill You (Remastered 2011),Queen,260
Every Breath You Take,The Police,254
You're All I Need,White Lion,266
Under The Same Sun,Scorpions,294
I Want It All (Remastered 2011),Queen,281
Love Hurts (Single Edit),Nazareth,233
Listen To Your Heart,Roxette,329
Always,Bon Jovi,354
,,
Straight From The Heart (Classic Version),Bryan Adams,209
Love of a Lifetime (2024 Remaster),FireHouse,286
